feature,importance,importance_std
rls_pred,0.0910025099107371,0.0024021240704946868
guzik,0.040227619978103736,0.000858483452874156
rr_dev,0.03717496805870975,0.0014422825625590267
drr_lag0,0.034101153543462305,0.0011978674125991864
bp,0.02301124879734171,0.00034066183254389247
rls_err,0.015464191999234166,0.0001769036069576496
ccm,0.010560846136126845,0.0007172225189726804
rr_mean,0.0031265874855337383,0.0011303711340081796
drr_lag1,0.0020990745865470117,0.0003804157584522667
drr_lag2,0.001955466801819794,0.0001962530538916661
drr_lag3,0.001591868243814254,0.0002195257688270058
rmssd,0.000783929536048733,0.0013193111328696876
bp_prev,0.0007831947506411252,0.0001872060596604196
rs,0.0006653209506283231,0.00038746593699413574
drr_lag5,0.0006137403590957379,0.00010061946997237212
drr_lag6,0.0005464666656900486,0.00025693284064774686
drr_lag7,0.00040101933054657033,8.209060194689024e-05
drr_lag4,0.00036916281063723575,0.00020472318580633033
run_len,-0.0007258234666128072,0.00026943436861107687
