,rr_mean,rr_dev,rmssd,rs,ccm,guzik,porta,nn20,run_len,rls_pred,rls_err,bp,bp_prev,drr_lag0,drr_lag1,drr_lag2,drr_lag3,drr_lag4,drr_lag5,drr_lag6,drr_lag7,rls_w0,rls_w1,rls_w2,rls_w3,rls_w4,rls_w5,rls_w6,rls_w7
rr_mean,1.0,-0.04015307555282304,0.6192484140245385,-0.13561249123359145,0.15148672845565134,-0.0026570291113628365,0.0015547695750208956,0.7018733692561976,-0.01088129525593975,0.018025138032012944,-0.02865120253080797,-0.013264779786850396,-3.978861170872649e-05,-0.015996033760416577,-0.006073731781182495,-0.010758831143080636,-0.017726224148966036,-0.02037802167728432,-0.011036674440117593,-0.011555969833373557,-0.02174482510929429,0.4451621924491737,-0.5674392034520628,-0.03232815286187702,0.09667973520309571,-0.13201485474915328,-0.12437537305733522,0.03061076027363837,0.13145706650615097
rr_dev,-0.04015307555282304,1.0,-0.06586054708998958,0.022798727508363006,-0.040183199786976945,0.6860013123320065,-0.34790286721334945,-0.04263400049917344,0.40728394748132735,-0.6107993347025938,0.5937571527669182,0.354105200211134,0.190281186891604,0.40006716672785236,0.22950918010512167,0.0720224190020904,0.04468681846829549,0.1287457183564204,0.15231991490802063,0.08752472957523451,0.06793090626197244,-0.003891274647940417,0.03935003944768779,0.023670546755432103,0.012098451564281893,-0.010531402879691029,-0.015222015654527316,0.0010025150715288257,-0.012343130574557373
rmssd,0.6192484140245385,-0.06586054708998958,1.0,-0.350392604446142,0.32833670042479574,0.04363382849710467,0.01960774494667404,0.9162372806296772,-0.010041524481351656,0.06988844742016262,-0.08393782032630615,-0.0011460433456558668,-0.001659458944629439,-0.012963804950657564,-0.019443354961415797,-0.0140306031131214,-0.020134550929727178,-0.018309177260244777,-0.013565577014888697,-0.011955628382815124,-0.0243658192060637,0.10666798537751129,-0.5159154327567688,0.028742213399171202,0.06154090705249156,-0.058140437646557554,0.011870544228908687,0.0973189957936977,0.08444738500978899
rs,-0.13561249123359145,0.022798727508363006,-0.350392604446142,1.0,-0.8184291079309614,0.007338614055435735,0.0348000047769922,-0.3002405695294267,-0.017461411275739237,-0.02769194498218651,0.028128666688268984,-0.017961764046587714,-0.005816942877792325,-0.01011553393769828,-0.0028961966688494873,0.004216947106441625,-0.00020631403647897788,0.0015041371876892058,-0.003677279085477548,-0.008634623043621743,0.002516158680783215,0.28030515743882334,0.23278226832453605,-0.03798354165398242,-0.16647660804548978,-0.11152808553067171,-0.03778077460273334,-0.02453730721994998,-0.06735380804172057
ccm,0.15148672845565134,-0.040183199786976945,0.32833670042479574,-0.8184291079309614,1.0,-0.00777009561458982,-0.05240636278032024,0.31865379964490453,0.0015126525345222743,0.03895242170926008,-0.0398265713814951,0.004080200706631326,-0.01142622126900925,-0.0031140374227898887,-0.013144413304636433,-0.015947888764321707,-0.0017913156231757301,-0.002473252033266083,0.0005672489765104583,0.006108175213414611,-0.003727127550170807,-0.3572312691759961,-0.2506399533754293,0.19704952197581088,0.2804279649498767,0.08950295939483918,-0.013228076885941263,0.0073443945345829775,0.03802649401644017
guzik,-0.0026570291113628365,0.6860013123320065,0.04363382849710467,0.007338614055435735,-0.00777009561458982,1.0,-0.4942682469649384,0.040956098904538524,0.23248715219950922,-0.3890332429758343,0.35861412468507464,0.19325970891498606,0.09883771058303342,0.2239363546119358,0.112075586369951,0.05212447091933953,0.03521999882492275,0.08112093800346724,0.09765665635560872,0.06703898172924971,0.04886142104609465,-0.016000103441891646,0.00824868675841247,0.010387662771069391,0.001112878174590959,-0.007174308565374396,-0.011626650666621326,0.016095289008959058,-0.0142399108402421
porta,0.0015547695750208956,-0.34790286721334945,0.01960774494667404,0.0348000047769922,-0.05240636278032024,-0.4942682469649384,1.0,-0.005117918202944052,-0.23130978057166857,0.19431167489102197,-0.18760436654238793,-0.07955174441913798,-0.04359235351582278,-0.15015870844994111,-0.0935120939750967,-0.08096591170196814,-0.0706558437432633,-0.09124796797831816,-0.1058122829060542,-0.0853473772294525,-0.07512620996523367,0.03233902095524636,-0.04329396639250826,-0.026377553572975443,-0.015350027734247325,0.009142459759539145,0.01421770544186417,-0.007010776842472318,-0.006170440285292436
nn20,0.7018733692561976,-0.04263400049917344,0.9162372806296772,-0.3002405695294267,0.31865379964490453,0.040956098904538524,-0.005117918202944052,1.0,-0.011662915355189613,0.03539830871752028,-0.05386954210968785,-0.008964120551228178,-0.0041954099951778115,-0.015032556903556404,-0.018420886677561567,-0.014400788804970227,-0.019594990547499833,-0.01806227327249328,-0.0123374816612924,-0.008567826157239647,-0.023698776726138765,0.19145098602816238,-0.5355679619919571,0.04901426213420943,0.0990999593159302,-0.07022943741039432,-0.02566756333743775,0.07785552319559863,0.09003742486782834
run_len,-0.01088129525593975,0.40728394748132735,-0.010041524481351656,-0.017461411275739237,0.0015126525345222743,0.23248715219950922,-0.23130978057166857,-0.011662915355189613,1.0,-0.37886879516397426,0.6315089158239988,0.6330705686865861,0.062453602564349925,0.8485616621657349,0.13155026131719846,-0.1287698987823736,-0.07511184178976556,0.061466719080001224,0.054461909409195534,-0.01780217340872285,-0.04563910533480986,-0.00868086409743852,0.008538029526056243,0.0021718166288695415,0.0024382223101757612,-0.001444338465767761,-0.00161632997104893,-0.0014011237342964299,0.0050213562240416
rls_pred,0.018025138032012944,-0.6107993347025938,0.06988844742016262,-0.02769194498218651,0.03895242170926008,-0.3890332429758343,0.19431167489102197,0.03539830871752028,-0.37886879516397426,1.0,-0.5336013149270279,-0.30394901155865955,-0.2539781730896528,-0.3358677557246437,-0.2654044955259346,-0.07534673371010754,0.12183081117840713,0.012068818085922176,-0.0885310294848433,-0.07435340560576903,-0.02969299274559051,-0.018015995741178497,-0.0351628500930093,-0.012098468915812954,-0.01032375457300828,0.008953569270627036,0.018873628406128842,0.008650645187604533,0.006622589392660164
rls_err,-0.02865120253080797,0.5937571527669182,-0.08393782032630615,0.028128666688268984,-0.0398265713814951,0.35861412468507464,-0.18760436654238793,-0.05386954210968785,0.6315089158239988,-0.5336013149270279,1.0,0.510874155184628,0.01118771992067595,0.7128154295968111,0.019732833386870305,0.007526258797061631,0.017635931435475267,0.021127516976811245,0.021116200492088413,-0.0023572597190877286,0.011218263467852513,0.015589595008909423,0.03746747746521136,0.010800398760440194,0.010216673290239741,-0.00904410258367237,-0.015147131874670487,-0.008104903830366824,-0.006183157530558456
bp,-0.013264779786850396,0.354105200211134,-0.0011460433456558668,-0.017961764046587714,0.004080200706631326,0.19325970891498606,-0.07955174441913798,-0.008964120551228178,0.6330705686865861,-0.30394901155865955,0.510874155184628,1.0,-0.02424025185798381,0.6666068137953176,0.3033380193898501,-0.6191967273072031,0.0020297531910690443,0.25173092959183097,-0.029684564022875243,-0.09064062092565887,-0.014259019019924163,-0.014158908474445496,0.0033780858938016666,-0.0035725003074151434,0.002791213434110562,0.004449130740102321,0.00244283905561866,0.002887945280452495,-0.0029223694777629817
bp_prev,-3.978861170872649e-05,0.190281186891604,-0.001659458944629439,-0.005816942877792325,-0.01142622126900925,0.09883771058303342,-0.04359235351582278,-0.0041954099951778115,0.062453602564349925,-0.2539781730896528,0.01118771992067595,-0.02424025185798381,1.0,-0.16512964951299658,0.6680080625195333,0.29575936721822826,-0.6244275186403528,-0.008116910232330696,0.263253287395722,-0.021009768595262306,-0.09334795194197548,-0.003565481259350471,0.00533072629917728,0.0007044346817703487,-0.007873037747892773,-0.0013536218639665532,-0.006537058293580315,-0.0023224048778585226,0.003503315680620521
drr_lag0,-0.015996033760416577,0.40006716672785236,-0.012963804950657564,-0.01011553393769828,-0.0031140374227898887,0.2239363546119358,-0.15015870844994111,-0.015032556903556404,0.8485616621657349,-0.3358677557246437,0.7128154295968111,0.6666068137953176,-0.16512964951299658,1.0,-0.17512057736138759,-0.16297385053945215,-0.03235362753953334,0.10433522674462628,0.027452464036816178,-0.041349103480096655,-0.040103784051554514,-0.008620250350235161,0.007527192411075854,0.0015489739891169961,0.002318550411870493,-0.0011787238256393635,0.0016153469090395378,-0.0016914099992885539,0.0004023959994255367
drr_lag1,-0.006073731781182495,0.22950918010512167,-0.019443354961415797,-0.0028961966688494873,-0.013144413304636433,0.112075586369951,-0.0935120939750967,-0.018420886677561567,0.13155026131719846,-0.2654044955259346,0.019732833386870305,0.3033380193898501,0.6680080625195333,-0.17512057736138759,1.0,-0.17913644591032302,-0.17249554607301681,-0.04852658263912434,0.10745284495936716,0.027682661897372084,-0.04339052149866384,0.0033261976183565226,0.013058703442817834,0.0006451037739105792,-0.0033762906664124024,-0.004100405359821805,-0.008711092301573938,0.0001445441692501957,0.0032518904995807976
drr_lag2,-0.010758831143080636,0.0720224190020904,-0.0140306031131214,0.004216947106441625,-0.015947888764321707,0.05212447091933953,-0.08096591170196814,-0.014400788804970227,-0.1287698987823736,-0.07534673371010754,0.007526258797061631,-0.6191967273072031,0.29575936721822826,-0.16297385053945215,-0.17913644591032302,1.0,-0.17234473971519643,-0.1651761414397154,-0.025538291330339434,0.10299438542895825,0.021824247796001877,0.0026256273123345594,0.007463602651448552,0.007431437681901485,-0.0049822111658303445,-0.008821937764679036,-0.0007827813385279759,0.0008238222957323543,0.0033442014838268508
drr_lag3,-0.017726224148966036,0.04468681846829549,-0.020134550929727178,-0.00020631403647897788,-0.0017913156231757301,0.03521999882492275,-0.0706558437432633,-0.019594990547499833,-0.07511184178976556,0.12183081117840713,0.017635931435475267,0.0020297531910690443,-0.6244275186403528,-0.03235362753953334,-0.17249554607301681,-0.17234473971519643,1.0,-0.1624596075146176,-0.17014908217304694,-0.051871426137413856,0.10047130271628192,0.006403857209974395,0.006246534876403173,-0.003639656541208237,0.0121181407144171,-0.0009459647312233974,-0.0030158707716445815,0.0026534024610964705,-0.0011943559227453769
drr_lag4,-0.02037802167728432,0.1287457183564204,-0.018309177260244777,0.0015041371876892058,-0.002473252033266083,0.08112093800346724,-0.09124796797831816,-0.01806227327249328,0.061466719080001224,0.012068818085922176,0.021127516976811245,0.25173092959183097,-0.008116910232330696,0.10433522674462628,-0.04852658263912434,-0.1651761414397154,-0.1624596075146176,1.0,-0.17671314802815344,-0.17057813121216883,-0.03491220812818598,-0.004107532191716596,0.009893326974668116,0.007948734305924068,-0.0006779179521639881,-0.0006150997474053786,-0.0016861079007658712,0.003237251208323192,-0.0074204519584342345
drr_lag5,-0.011036674440117593,0.15231991490802063,-0.013565577014888697,-0.003677279085477548,0.0005672489765104583,0.09765665635560872,-0.1058122829060542,-0.0123374816612924,0.054461909409195534,-0.0885310294848433,0.021116200492088413,-0.029684564022875243,0.263253287395722,0.027452464036816178,0.10745284495936716,-0.025538291330339434,-0.17014908217304694,-0.17671314802815344,1.0,-0.15568294694136156,-0.17090930808010182,-0.009297023333389345,0.01390033070536408,-0.003684436949076549,0.0006215342932071126,0.009381690369193934,-0.005982277111239739,-0.009021913552204202,-0.005009361998166767
drr_lag6,-0.011555969833373557,0.08752472957523451,-0.011955628382815124,-0.008634623043621743,0.006108175213414611,0.06703898172924971,-0.0853473772294525,-0.008567826157239647,-0.01780217340872285,-0.07435340560576903,-0.0023572597190877286,-0.09064062092565887,-0.021009768595262306,-0.041349103480096655,0.027682661897372084,0.10299438542895825,-0.051871426137413856,-0.17057813121216883,-0.15568294694136156,1.0,-0.18120796141828227,-0.006817875253495248,0.005031375393031285,0.009930435622696427,0.008572856008108936,-0.005104997904801296,-0.007180616506119416,0.006532711872575801,0.006286419707115761
drr_lag7,-0.02174482510929429,0.06793090626197244,-0.0243658192060637,0.002516158680783215,-0.003727127550170807,0.04886142104609465,-0.07512620996523367,-0.023698776726138765,-0.04563910533480986,-0.02969299274559051,0.011218263467852513,-0.014259019019924163,-0.09334795194197548,-0.040103784051554514,-0.04339052149866384,0.021824247796001877,0.10047130271628192,-0.03491220812818598,-0.17090930808010182,-0.18120796141828227,1.0,-0.0028556053637204984,0.016502111383980594,0.0005068018171881207,-0.000779539056023215,-0.006262923877295912,-0.00044239871712768605,-0.0007452007297020809,-0.00150849738652919
rls_w0,0.4451621924491737,-0.003891274647940417,0.10666798537751129,0.28030515743882334,-0.3572312691759961,-0.016000103441891646,0.03233902095524636,0.19145098602816238,-0.00868086409743852,-0.018015995741178497,0.015589595008909423,-0.014158908474445496,-0.003565481259350471,-0.008620250350235161,0.0033261976183565226,0.0026256273123345594,0.006403857209974395,-0.004107532191716596,-0.009297023333389345,-0.006817875253495248,-0.0028556053637204984,1.0,-0.45374122846671366,-0.32955713983858653,-0.09158431005780841,-0.11142382834095389,-0.12531866249680285,-0.028576346080019344,0.08904235930033606
rls_w1,-0.5674392034520628,0.03935003944768779,-0.5159154327567688,0.23278226832453605,-0.2506399533754293,0.00824868675841247,-0.04329396639250826,-0.5355679619919571,0.008538029526056243,-0.0351628500930093,0.03746747746521136,0.0033780858938016666,0.00533072629917728,0.007527192411075854,0.013058703442817834,0.007463602651448552,0.006246534876403173,0.009893326974668116,0.01390033070536408,0.005031375393031285,0.016502111383980594,-0.45374122846671366,1.0,0.06273752597001472,-0.2637273338955071,-0.06717434117587338,0.050991485667835096,-0.03326489416222671,-0.12049138553249111
rls_w2,-0.03232815286187702,0.023670546755432103,0.028742213399171202,-0.03798354165398242,0.19704952197581088,0.010387662771069391,-0.026377553572975443,0.04901426213420943,0.0021718166288695415,-0.012098468915812954,0.010800398760440194,-0.0035725003074151434,0.0007044346817703487,0.0015489739891169961,0.0006451037739105792,0.007431437681901485,-0.003639656541208237,0.007948734305924068,-0.003684436949076549,0.009930435622696427,0.0005068018171881207,-0.32955713983858653,0.06273752597001472,1.0,-0.0345721718298604,-0.3023786507900957,-0.013210458467198646,0.08376139786810083,-0.044912046336627626
rls_w3,0.09667973520309571,0.012098451564281893,0.06154090705249156,-0.16647660804548978,0.2804279649498767,0.001112878174590959,-0.015350027734247325,0.0990999593159302,0.0024382223101757612,-0.01032375457300828,0.010216673290239741,0.002791213434110562,-0.007873037747892773,0.002318550411870493,-0.0033762906664124024,-0.0049822111658303445,0.0121181407144171,-0.0006779179521639881,0.0006215342932071126,0.008572856008108936,-0.000779539056023215,-0.09158431005780841,-0.2637273338955071,-0.0345721718298604,1.0,0.05875856671040502,-0.3338621451696814,-0.1480786623413452,0.03318806097111668
rls_w4,-0.13201485474915328,-0.010531402879691029,-0.058140437646557554,-0.11152808553067171,0.08950295939483918,-0.007174308565374396,0.009142459759539145,-0.07022943741039432,-0.001444338465767761,0.008953569270627036,-0.00904410258367237,0.004449130740102321,-0.0013536218639665532,-0.0011787238256393635,-0.004100405359821805,-0.008821937764679036,-0.0009459647312233974,-0.0006150997474053786,0.009381690369193934,-0.005104997904801296,-0.006262923877295912,-0.11142382834095389,-0.06717434117587338,-0.3023786507900957,0.05875856671040502,1.0,-0.06264302198702683,-0.2836938012154466,-0.11740525258187953
rls_w5,-0.12437537305733522,-0.015222015654527316,0.011870544228908687,-0.03778077460273334,-0.013228076885941263,-0.011626650666621326,0.01421770544186417,-0.02566756333743775,-0.00161632997104893,0.018873628406128842,-0.015147131874670487,0.00244283905561866,-0.006537058293580315,0.0016153469090395378,-0.008711092301573938,-0.0007827813385279759,-0.0030158707716445815,-0.0016861079007658712,-0.005982277111239739,-0.007180616506119416,-0.00044239871712768605,-0.12531866249680285,0.050991485667835096,-0.013210458467198646,-0.3338621451696814,-0.06264302198702683,1.0,-0.053130398054998584,-0.1652573783458177
rls_w6,0.03061076027363837,0.0010025150715288257,0.0973189957936977,-0.02453730721994998,0.0073443945345829775,0.016095289008959058,-0.007010776842472318,0.07785552319559863,-0.0014011237342964299,0.008650645187604533,-0.008104903830366824,0.002887945280452495,-0.0023224048778585226,-0.0016914099992885539,0.0001445441692501957,0.0008238222957323543,0.0026534024610964705,0.003237251208323192,-0.009021913552204202,0.006532711872575801,-0.0007452007297020809,-0.028576346080019344,-0.03326489416222671,0.08376139786810083,-0.1480786623413452,-0.2836938012154466,-0.053130398054998584,1.0,-0.17979970782297733
rls_w7,0.13145706650615097,-0.012343130574557373,0.08444738500978899,-0.06735380804172057,0.03802649401644017,-0.0142399108402421,-0.006170440285292436,0.09003742486782834,0.0050213562240416,0.006622589392660164,-0.006183157530558456,-0.0029223694777629817,0.003503315680620521,0.0004023959994255367,0.0032518904995807976,0.0033442014838268508,-0.0011943559227453769,-0.0074204519584342345,-0.005009361998166767,0.006286419707115761,-0.00150849738652919,0.08904235930033606,-0.12049138553249111,-0.044912046336627626,0.03318806097111668,-0.11740525258187953,-0.1652573783458177,-0.17979970782297733,1.0
