model,subject,interval,seed,percent,n_imputed,rmse,mae,r2,corr_series,hf_power_log2,hf_peak_log2,hf_peak_shift,rsa_invented,rsa_displaced,rsa_lost,hf_peak_shift_abs,rule
mlp,18177,1082-1499,7,0.1,495,29.385452574541205,18.300364495313715,0.8566736694262542,0.9928191366386486,-0.06618185280720112,0.056947489743295776,0.1328125,0.0,0.0,0.0,0.1328125,none
mlp,18177,1082-1499,7,0.3,1490,36.19589944103794,20.295788366390973,0.7804733579276093,0.9668340067007546,-0.1325411061695263,0.1435632415645216,0.10546875,0.0,0.0,0.0,0.10546875,none
mlp,18177,1082-1499,7,0.5,2487,40.363789708553725,23.368045950882152,0.7321613797654912,0.9293173090928473,-0.21830556237384613,-0.08928801361171423,-0.01171875,0.0,0.0,0.0,0.01171875,none
mlp,18177,1082-1499,7,0.8,3977,45.10638988666165,28.502845267292983,0.6594617290149158,0.8510480236610275,-0.8212446500123356,0.4301599505066793,-0.015625,1.0,0.0,0.0,0.015625,none
mlp,16273,1499-1708,7,0.1,496,29.127322515029956,21.388277371942355,0.9181955982803479,0.996034469038713,-0.053745728552176075,0.007001924083970934,0.0,0.0,0.0,0.0,0.0,none
mlp,16273,1499-1708,7,0.3,1492,32.68608533476715,24.348751892639626,0.9015408315631672,0.9848801492268161,-0.08603147491113461,0.013917349552112768,-0.06640625,0.0,1.0,0.0,0.06640625,none
mlp,16273,1499-1708,7,0.5,2492,36.26035964643944,26.449054963823116,0.8766623627833106,0.9689306909869668,-0.3779800437741603,-0.1755841478761102,-0.00390625,0.0,0.0,0.0,0.00390625,none
mlp,16273,1499-1708,7,0.8,3975,45.568206472883915,33.759270812040214,0.8062231195251054,0.9188565570811731,-1.2794422989703467,-0.46440428292969393,-0.12109375,0.0,0.0,1.0,0.12109375,none
mlp,nsr054RRcl,1708-2021,7,0.1,500,27.461632338775754,15.984996083096004,0.7642019657578818,0.9876227603639164,-0.035742329009885054,-0.03570986510187346,0.15234375,0.0,0.0,0.0,0.15234375,none
mlp,nsr054RRcl,1708-2021,7,0.3,1496,31.724162311091472,18.86248075002481,0.6892296954852184,0.949685253973988,0.2095645235306396,-0.05509296904321559,0.18359375,0.0,0.0,0.0,0.18359375,none
mlp,nsr054RRcl,1708-2021,7,0.5,2483,36.36875212694115,22.740329462061492,0.5726609480239235,0.8842372323220146,0.21217876526547919,-0.09344141879974899,0.12109375,0.0,0.0,0.0,0.12109375,none
mlp,nsr054RRcl,1708-2021,7,0.8,3979,45.83757189428304,30.96916181518392,0.30690253193997996,0.6757124097740373,-0.2609494918766675,0.23756775706284117,0.046875,0.0,0.0,0.0,0.046875,none
mlp,006,1708-2021,7,0.1,497,24.972406187941644,18.630123768971913,0.8940627418822276,0.9948554743049481,0.028089437756779745,0.4365258221817667,-0.00390625,1.0,0.0,0.0,0.00390625,none
mlp,006,1708-2021,7,0.3,1490,32.14109931425932,22.27607610909552,0.8382233283450334,0.9742452996352645,0.18782854135721827,-0.22248035620860485,0.0078125,0.0,0.0,0.0,0.0078125,none
mlp,006,1708-2021,7,0.5,2482,37.26915682369084,25.807981316096186,0.7749516339609676,0.9415128585971483,0.2959414007613823,-0.27855401418482195,-0.171875,0.0,0.0,0.0,0.171875,none
mlp,006,1708-2021,7,0.8,3976,49.65760021717157,36.26342642048049,0.6014561242942095,0.8251843807617127,-0.029025169716071275,-0.053801869450998296,-0.01171875,0.0,0.0,0.0,0.01171875,none
mlp,nsr048RRcl,2021-2125,7,0.1,499,21.65065606349816,16.285064024303495,0.8895707346557721,0.9947871943422183,0.11131100155245477,-0.1746585051853664,0.015625,0.0,0.0,0.0,0.015625,none
mlp,nsr048RRcl,2021-2125,7,0.3,1488,26.420619212826853,18.958309203663998,0.8392047784017148,0.9763387057568816,0.21728118719578582,-0.203279700276096,0.18359375,0.0,0.0,0.0,0.18359375,none
mlp,nsr048RRcl,2021-2125,7,0.5,2482,32.545443644670804,23.009769928674906,0.759921998823636,0.9391148480462999,0.41498698074737206,-0.306510983966934,0.1875,0.0,0.0,0.0,0.1875,none
mlp,nsr048RRcl,2021-2125,7,0.8,3976,47.507893047636756,33.1720683099945,0.4999375584840863,0.7803386546022689,0.41767169863047116,-0.17148963331195688,0.0,0.0,0.0,0.0,0.0,none
mlp,008,2021-2125,7,0.1,498,32.61973919489634,23.101849414869825,0.906902946888011,0.9952539481554362,0.027752366961465214,-0.051866838711548624,-0.0390625,0.0,0.0,0.0,0.0390625,none
mlp,008,2021-2125,7,0.3,1486,41.769887971896146,28.14477474863558,0.8426054699000078,0.9759269839694604,0.0979068790722124,0.13186349815352294,-0.1171875,0.0,0.0,0.0,0.1171875,none
mlp,008,2021-2125,7,0.5,2483,48.98878911922691,33.190068171430035,0.7858477580051186,0.9448760903237378,0.11137531462046724,0.4314768001719358,-0.0546875,0.0,0.0,0.0,0.0546875,none
mlp,008,2021-2125,7,0.8,3977,60.495630538864546,43.68793790973496,0.6744904745967635,0.8609743967772611,-0.5193206256473513,0.5589394477337972,-0.12109375,1.0,0.0,0.0,0.12109375,none
mlp,19088,2125-2699,7,0.1,496,25.296005173627293,18.5984585090975,0.8933493106420145,0.994964531355395,-0.00881001102496981,-0.07492276668922848,0.0,0.0,0.0,0.0,0.0,none
mlp,19088,2125-2699,7,0.3,1488,28.92924093875525,20.379838073201803,0.8687489517340561,0.979645927943486,-0.1846769969152895,-0.0379673891394301,0.0,0.0,0.0,0.0,0.0,none
mlp,19088,2125-2699,7,0.5,2486,33.92632618398796,23.592183498877155,0.81629147415224,0.9537282161335583,-0.23170748210519143,-0.023637751856936617,0.0,0.0,0.0,0.0,0.0,none
mlp,19088,2125-2699,7,0.8,3975,39.70208752217246,28.28372563907253,0.7567625978886889,0.8931538639987509,-1.0202076437609922,0.2225750191548137,-0.00390625,1.0,0.0,0.0,0.00390625,none
mlp,16483,2125-2699,7,0.1,497,24.885506565492477,16.23346736455126,0.7327734888327824,0.9869245123741107,0.022482042329924568,0.002108426769472871,0.0,0.0,0.0,0.0,0.0,none
mlp,16483,2125-2699,7,0.3,1495,24.467337931851326,16.916249786679646,0.7547690551270665,0.9602300919178608,-0.28077335372821643,-0.0020899169082415625,0.18359375,0.0,0.0,0.0,0.18359375,none
mlp,16483,2125-2699,7,0.5,2487,28.55930627850011,19.66216248367639,0.6661049113212733,0.9086571846738565,-0.1559566455608543,-0.03598235027622998,0.1328125,0.0,0.0,0.0,0.1328125,none
mlp,16483,2125-2699,7,0.8,3976,36.77228869373248,24.77985942727845,0.43901969405656016,0.7397465008803453,-0.9043709792091104,-0.07728220176956846,0.23046875,0.0,0.0,0.0,0.23046875,none
mlp,000,2699-3220,7,0.1,497,41.38730935211838,31.567975704021705,0.7640453608359625,0.9885369793067591,-0.04545047321863649,0.17598236225913944,-0.1171875,0.0,0.0,0.0,0.1171875,none
mlp,000,2699-3220,7,0.3,1492,41.95325648810182,32.67733480873096,0.7503698337781399,0.9642598267016197,-0.1953778462849911,0.19887285896231788,-0.00390625,0.0,0.0,0.0,0.00390625,none
mlp,000,2699-3220,7,0.5,2489,47.36528645885463,35.17299247642419,0.6993404026194227,0.9226084931505523,-0.5747031408580874,1.0992294914368905,-0.0390625,1.0,0.0,0.0,0.0390625,none
mlp,000,2699-3220,7,0.8,3977,56.511096081810834,41.51029192806561,0.5696570655826718,0.8167402300014932,-1.2226376221320887,0.6602684058711183,-0.046875,0.0,0.0,0.0,0.046875,none
mlp,nsr010RRcl,3220-3481,7,0.1,495,28.824122921122516,18.331353455344843,0.9650244777905518,0.9982500300208078,0.0433801091478081,-0.0012545801538976775,0.1953125,0.0,0.0,0.0,0.1953125,none
mlp,nsr010RRcl,3220-3481,7,0.3,1491,40.104220883504965,21.428280946067886,0.9312898398552045,0.9898527402423661,-0.3438165446917125,0.11553628734941057,0.0703125,0.0,0.0,0.0,0.0703125,none
mlp,nsr010RRcl,3220-3481,7,0.5,2478,42.18444601595475,25.299230960620104,0.9269224562652121,0.9812871570742275,-0.3176710028011698,-0.02704075381751636,0.0,0.0,0.0,0.0,0.0,none
mlp,nsr010RRcl,3220-3481,7,0.8,3975,50.12347814489518,31.30290795571398,0.8960677394573979,0.9572321043415031,-1.4150650878909072,-0.18468388076097142,0.15625,0.0,0.0,0.0,0.15625,none
mlp,nsr038RRcl,3220-3481,7,0.1,497,8.1335604662396,5.812400564304212,0.8701984413789777,0.9932319085334208,0.1334154224420523,-0.2689833038213312,0.046875,0.0,0.0,0.0,0.046875,none
mlp,nsr038RRcl,3220-3481,7,0.3,1487,9.248655675801968,6.57761020041731,0.8314674111235315,0.9734637349828946,0.2864971276734085,-0.144410198686173,0.21484375,0.0,0.0,0.0,0.21484375,none
mlp,nsr038RRcl,3220-3481,7,0.5,2484,10.85202638945546,7.826470442968046,0.7575734383961236,0.9390295934766268,0.6240461565512092,-0.17403284111397443,0.02734375,0.0,0.0,0.0,0.02734375,none
mlp,nsr038RRcl,3220-3481,7,0.8,3976,14.10053119617991,10.120102278739848,0.5999703804342948,0.7013581990423232,0.355119740209906,-0.20814945521875217,0.1015625,0.0,0.0,0.0,0.1015625,none
mlp,nsr041RRcl,3220-3481,7,0.1,497,21.680937085109495,16.481139301261475,0.9290195324555368,0.9963085918255924,-0.027883874603720216,-0.01801025668848233,0.0,0.0,0.0,0.0,0.0,none
mlp,nsr041RRcl,3220-3481,7,0.3,1494,24.716810152217743,18.254900717401156,0.899191107052687,0.9855334925741911,-0.13016871742516578,0.10634818210104235,0.0,0.0,0.0,0.0,0.0,none
mlp,nsr041RRcl,3220-3481,7,0.5,2486,25.873187179158855,19.227238525953588,0.8937374571205537,0.9735363355833953,-0.38670913427988296,-0.27702831894033686,-0.03515625,0.0,0.0,0.0,0.03515625,none
mlp,nsr041RRcl,3220-3481,7,0.8,3977,32.59908333230596,23.398369307367098,0.8340834922437694,0.9323822683219086,-1.1436334165863133,0.21908540286152167,0.03515625,0.0,0.0,0.0,0.03515625,none
mlp,nsr022RRcl,3481-3689,7,0.1,498,30.3081614582877,21.309079252004587,0.9298940050568928,0.9964642810667359,-0.08803615871325476,-0.17864625393768563,0.0,0.0,0.0,0.0,0.0,none
mlp,nsr022RRcl,3481-3689,7,0.3,1487,30.989450912100992,22.833140031581927,0.9263472475858243,0.9888464324479693,-0.3562267489570239,-0.025140279740796245,0.0,0.0,0.0,0.0,0.0,none
mlp,nsr022RRcl,3481-3689,7,0.5,2484,33.681774592951136,24.59547107768314,0.9109432231593885,0.9778808297358604,-0.6287648720089436,-0.18142755954500878,-0.0234375,0.0,0.0,0.0,0.0234375,none
mlp,nsr022RRcl,3481-3689,7,0.8,3976,44.4254985295144,32.42272517410172,0.8488903636698526,0.9373137100513361,-1.2193129863237502,0.4939567052748419,-0.0625,0.0,1.0,0.0,0.0625,none
mlp,nsr045RRcl,3481-3689,7,0.1,498,30.329298949222952,20.610315002144528,0.7089512516217573,0.986287491420688,-0.03759033651959953,-0.01296450114805836,0.01953125,0.0,0.0,0.0,0.01953125,none
mlp,nsr045RRcl,3481-3689,7,0.3,1491,36.73523489068799,21.79400595474232,0.612456786458961,0.937595129285963,-0.5716413188369422,-0.027986624271644445,0.10546875,0.0,0.0,0.0,0.10546875,none
mlp,nsr045RRcl,3481-3689,7,0.5,2483,33.42568981834615,22.70697883445766,0.6590388892608667,0.9133261141980367,-0.5183758985362097,-0.022432326296629057,0.0078125,0.0,0.0,0.0,0.0078125,none
mlp,nsr045RRcl,3481-3689,7,0.8,3976,40.859741345690935,26.988239206149082,0.5023118759999186,0.779358051229337,-1.9356021780094075,-0.27382471490211735,-0.05078125,0.0,0.0,0.0,0.05078125,none
mlp,nsr018RRcl,3481-3689,7,0.1,499,25.562300473931042,15.46091292856145,0.7043433771354843,0.9874608813001989,0.0035013794263711873,0.06395516969707771,0.0546875,0.0,0.0,0.0,0.0546875,none
mlp,nsr018RRcl,3481-3689,7,0.3,1495,32.74748712705198,17.741758946212673,0.5803572682776117,0.9367858730819351,-0.3041989171102273,-0.002502390475310534,-0.13671875,0.0,0.0,0.0,0.13671875,none
mlp,nsr018RRcl,3481-3689,7,0.5,2483,35.47822487869059,19.688211658812143,0.5287553454104924,0.8747350269526621,-0.7870844688188132,0.5253958560136684,0.0,0.0,0.0,0.0,0.0,none
mlp,nsr018RRcl,3481-3689,7,0.8,3974,40.57994971357368,25.097302603988062,0.36630238307463847,0.7162898840248099,-1.7888633125197853,0.3196975856273472,0.0625,0.0,0.0,0.0,0.0625,none
mlp,nsr016RRcl,3689-3900,7,0.1,498,16.566559068237922,11.949875129904205,0.9113539282133414,0.9961363167905293,-0.0485907325682291,0.048432744214977674,-0.17578125,0.0,0.0,0.0,0.17578125,none
mlp,nsr016RRcl,3689-3900,7,0.3,1489,17.752563175609215,12.770866433752385,0.9098633201313965,0.9825702689242265,-0.07854442281563934,0.023113835022305018,-0.05859375,0.0,0.0,0.0,0.05859375,none
mlp,nsr016RRcl,3689-3900,7,0.5,2487,20.631797329129352,14.946259558523822,0.8761410033619074,0.9699572677434606,-0.18812444846093612,0.04969579479949804,-0.12109375,0.0,0.0,0.0,0.12109375,none
mlp,nsr016RRcl,3689-3900,7,0.8,3976,26.648969910367608,19.66699490931765,0.7833608348049317,0.9060023062478838,-0.35904439785015185,-0.12812069513986302,0.00390625,0.0,0.0,0.0,0.00390625,none
micro_tcn,18177,1082-1499,7,0.1,495,29.1799253150297,18.271714504827955,0.8586715595312369,0.9929214798272153,-0.06748385608613461,0.08322268525206233,0.1328125,0.0,0.0,0.0,0.1328125,none
micro_tcn,18177,1082-1499,7,0.3,1490,36.21227806881917,20.388054672091123,0.7802746415699353,0.9668201491713142,-0.15876998585495983,0.13941429453947052,0.10546875,0.0,0.0,0.0,0.10546875,none
micro_tcn,18177,1082-1499,7,0.5,2487,41.0750036623763,23.57678744522131,0.7226395386930845,0.9268469865492972,-0.2328509498647815,-0.08665205756724248,-0.01171875,0.0,0.0,0.0,0.01171875,none
micro_tcn,18177,1082-1499,7,0.8,3977,45.217305679658615,28.288444515852188,0.6577849150797985,0.8499231601640834,-1.0120894560163123,0.17926570181248103,0.14453125,0.0,0.0,0.0,0.14453125,none
micro_tcn,16273,1499-1708,7,0.1,496,29.041834756238707,21.358935976318545,0.918675080212794,0.9960580538950806,-0.06496432307345756,0.023602972765443653,0.0,0.0,0.0,0.0,0.0,none
micro_tcn,16273,1499-1708,7,0.3,1492,32.18130406927273,24.046979368032964,0.9045584198912953,0.9853433720511388,-0.14124571293856825,-0.04378559013662375,-0.06640625,0.0,1.0,0.0,0.06640625,none
micro_tcn,16273,1499-1708,7,0.5,2492,36.264413149984,26.569388902801926,0.8766347856991944,0.9689240711869589,-0.4651268117997258,-0.26280468103346344,-0.0390625,0.0,0.0,1.0,0.0390625,none
micro_tcn,16273,1499-1708,7,0.8,3975,45.99344143930813,34.25776757418538,0.802589657225528,0.9176199215249767,-1.4220057877363033,-0.32907523028434404,-0.1171875,0.0,0.0,1.0,0.1171875,none
micro_tcn,nsr054RRcl,1708-2021,7,0.1,500,27.506174794966707,16.101825258729217,0.7634364219349179,0.9875980266661549,-0.027491739768311874,-0.0015477691256204906,0.0,0.0,0.0,0.0,0.0,none
micro_tcn,nsr054RRcl,1708-2021,7,0.3,1496,31.36492022551774,18.807825383782774,0.6962281252386551,0.9508270420007839,0.1982956748606295,-0.010836989702118771,0.18359375,0.0,0.0,0.0,0.18359375,none
micro_tcn,nsr054RRcl,1708-2021,7,0.5,2483,35.60009311788624,22.468514827207088,0.590533807403834,0.8892479062286478,0.12408597287181777,-0.12505868510223728,0.12109375,0.0,0.0,0.0,0.12109375,none
micro_tcn,nsr054RRcl,1708-2021,7,0.8,3979,46.20523715586848,31.25050033931071,0.295739206995156,0.6704043084959215,-0.39754206116512947,-0.07047840279000361,0.046875,0.0,0.0,0.0,0.046875,none
micro_tcn,006,1708-2021,7,0.1,497,24.515149539435665,18.277087246365898,0.8979067472042828,0.9950399547463336,0.033364963869363606,0.4198221379540863,-0.00390625,1.0,0.0,0.0,0.00390625,none
micro_tcn,006,1708-2021,7,0.3,1490,31.3645045509905,21.771296916859555,0.8459465935898409,0.9754814203780084,0.18475324359301126,-0.222247789842843,0.0078125,0.0,0.0,0.0,0.0078125,none
micro_tcn,006,1708-2021,7,0.5,2482,36.786076356404735,25.621858661767703,0.7807479487161492,0.9430619641611164,0.2567524468845459,-0.34915500661739785,-0.14453125,0.0,0.0,0.0,0.14453125,none
micro_tcn,006,1708-2021,7,0.8,3976,50.260150578713905,36.549012626610285,0.5917255004367804,0.8210913809725862,-0.10533192406772329,-0.15237409341324337,-0.00390625,0.0,0.0,0.0,0.00390625,none
micro_tcn,nsr048RRcl,2021-2125,7,0.1,499,21.318796313201283,16.108620065072955,0.8929300939993922,0.9949454216388464,0.09410197068741333,-0.17030359975306908,0.015625,0.0,0.0,0.0,0.015625,none
micro_tcn,nsr048RRcl,2021-2125,7,0.3,1488,25.931515055803736,18.58105563983618,0.8451030246533954,0.9771937809060085,0.20618439337467365,-0.1818036113905297,0.18359375,0.0,0.0,0.0,0.18359375,none
micro_tcn,nsr048RRcl,2021-2125,7,0.5,2482,32.25796499832242,22.75830295325119,0.7641445548052077,0.9402381606691196,0.38747178010029515,-0.28397558374503973,0.1875,0.0,0.0,0.0,0.1875,none
micro_tcn,nsr048RRcl,2021-2125,7,0.8,3976,45.73353322496055,32.26371691157983,0.5365934089300008,0.79652933124121,0.1466416291685615,-0.19855936023608578,0.01171875,0.0,0.0,0.0,0.01171875,none
micro_tcn,008,2021-2125,7,0.1,498,32.4907478064524,22.75366504616253,0.9076377764617094,0.9952920475673592,0.02700489565820874,-0.03772172348743652,-0.0390625,0.0,0.0,0.0,0.0390625,none
micro_tcn,008,2021-2125,7,0.3,1486,41.771798112229845,28.032989750526284,0.8425910742418378,0.9759421007962678,0.10089030652065745,0.1464652881308286,-0.1171875,0.0,0.0,0.0,0.1171875,none
micro_tcn,008,2021-2125,7,0.5,2483,48.53200429637263,33.020926159279895,0.7898227669219551,0.9459808867348044,0.14379587279034567,0.22513889075449178,-0.0546875,0.0,0.0,0.0,0.0546875,none
micro_tcn,008,2021-2125,7,0.8,3977,60.32340638335782,43.446607950130826,0.6763412133543893,0.8623153980048102,-0.5920694344013135,0.2809019630623606,0.0078125,0.0,0.0,0.0,0.0078125,none
micro_tcn,19088,2125-2699,7,0.1,496,24.943996262013346,18.39903007912588,0.8962968735698749,0.9951030679515623,-0.011014088953105627,-0.078411709423305,0.0,0.0,0.0,0.0,0.0,none
micro_tcn,19088,2125-2699,7,0.3,1488,29.060462644192047,20.406440482592394,0.867555553831417,0.9794696858116889,-0.18887156642885117,-0.042053984769893304,-0.0078125,0.0,0.0,0.0,0.0078125,none
micro_tcn,19088,2125-2699,7,0.5,2486,33.94234645705787,23.687325323485158,0.8161179360213273,0.9537059271000539,-0.3001467206985673,-0.0826338951454435,-0.015625,0.0,0.0,0.0,0.015625,none
micro_tcn,19088,2125-2699,7,0.8,3975,39.562059481694355,28.132291130948847,0.7584753537927084,0.8942493480105056,-1.2940888390091576,-0.1796471926436496,-0.00390625,0.0,0.0,0.0,0.00390625,none
micro_tcn,16483,2125-2699,7,0.1,497,24.481441661010557,16.0697607058798,0.7413809283996509,0.9873434895259239,0.013336865312460588,0.040144757107928086,0.0,0.0,0.0,0.0,0.0,none
micro_tcn,16483,2125-2699,7,0.3,1495,24.52740247911208,16.971546182491814,0.7535635487842538,0.9599963707449944,-0.2797303171264165,0.08822314230900119,0.18359375,0.0,0.0,0.0,0.18359375,none
micro_tcn,16483,2125-2699,7,0.5,2487,27.952321341939985,19.397211472965964,0.6801469592888467,0.912650651576848,-0.24448305530925474,-0.16659456229242586,0.06640625,0.0,0.0,0.0,0.06640625,none
micro_tcn,16483,2125-2699,7,0.8,3976,35.414005814070144,24.1428592093751,0.47969691446013396,0.7586395095107402,-1.1697427236127016,-0.11280809727862362,0.0234375,0.0,0.0,0.0,0.0234375,none
micro_tcn,000,2699-3220,7,0.1,497,40.20077669500808,30.803036429828932,0.7773805928201418,0.989177213960696,-0.07361260895292432,0.12358165066386917,-0.1171875,0.0,0.0,0.0,0.1171875,none
micro_tcn,000,2699-3220,7,0.3,1492,40.84401791056489,31.967759549447262,0.7633957031092038,0.9661001329296324,-0.2540563689475306,0.21261529297522408,0.0,0.0,0.0,0.0,0.0,none
micro_tcn,000,2699-3220,7,0.5,2489,46.301629501226884,34.43788992337191,0.7126922863393226,0.9260798230102663,-0.7770784904383632,0.19145215225430512,-0.0390625,0.0,0.0,0.0,0.0390625,none
micro_tcn,000,2699-3220,7,0.8,3977,54.91396501357936,41.02823652506084,0.593638251381645,0.8290624386865885,-1.2212907252684158,0.21649302180062868,-0.07421875,0.0,0.0,0.0,0.07421875,none
micro_tcn,nsr010RRcl,3220-3481,7,0.1,495,25.358643790851207,16.76077553283378,0.972929015405199,0.9986390479476372,-0.022336501008492604,-0.04796741109823088,0.1953125,0.0,0.0,0.0,0.1953125,none
micro_tcn,nsr010RRcl,3220-3481,7,0.3,1491,37.41890268951551,20.123357264892295,0.9401832395459663,0.9911621097994254,-0.4741310567028627,-0.2447968085694594,0.0703125,0.0,0.0,0.0,0.0703125,none
micro_tcn,nsr010RRcl,3220-3481,7,0.5,2478,40.12216921320589,24.237779038624204,0.9338929082523617,0.9830691489984946,-0.4266206451252472,0.17190845557918877,0.0,0.0,0.0,0.0,0.0,none
micro_tcn,nsr010RRcl,3220-3481,7,0.8,3975,49.27173086697118,31.051518363370604,0.8995699655513976,0.9587061160085014,-1.3645660058218247,-0.128982752839633,0.0078125,0.0,0.0,0.0,0.0078125,none
micro_tcn,nsr038RRcl,3220-3481,7,0.1,497,8.051121002191238,5.867911178716437,0.8728163701393673,0.9933787219995159,0.12971968499738828,-0.266049264631123,0.06640625,0.0,0.0,0.0,0.06640625,none
micro_tcn,nsr038RRcl,3220-3481,7,0.3,1487,9.267575651088354,6.657068695091495,0.8307771715857843,0.9734767549490995,0.2858493955387882,-0.2213493000004938,0.21484375,0.0,0.0,0.0,0.21484375,none
micro_tcn,nsr038RRcl,3220-3481,7,0.5,2484,11.436847332209714,8.182610840553421,0.7307404180652008,0.9336463302820537,0.7190992551130488,-0.03164510247051311,0.0,0.0,0.0,0.0,0.0,none
micro_tcn,nsr038RRcl,3220-3481,7,0.8,3976,14.932223066157066,10.762016733692965,0.551388771244151,0.6829637741908835,0.5367690161420828,-0.13543911937465491,0.16796875,0.0,0.0,0.0,0.16796875,none
micro_tcn,nsr041RRcl,3220-3481,7,0.1,497,21.767124140070376,16.39491973844783,0.9284540811643621,0.9962798928584486,-0.02453758960989738,0.002513364844329402,0.0,0.0,0.0,0.0,0.0,none
micro_tcn,nsr041RRcl,3220-3481,7,0.3,1494,24.533105896519867,17.975882358027935,0.9006840345382481,0.9857445829831927,-0.14577924647772633,0.030258849566742185,0.0,0.0,0.0,0.0,0.0,none
micro_tcn,nsr041RRcl,3220-3481,7,0.5,2486,26.08450468803708,19.344435850415053,0.8919945843855509,0.9730357141866361,-0.39435622164655015,-0.2158624433264773,-0.03515625,0.0,0.0,0.0,0.03515625,none
micro_tcn,nsr041RRcl,3220-3481,7,0.8,3977,32.91673078007598,23.619718987068556,0.8308343379598855,0.9304848008056568,-1.162221678522748,0.2706777138944094,0.0,1.0,0.0,0.0,0.0,none
micro_tcn,nsr022RRcl,3481-3689,7,0.1,498,30.135782463036318,21.064975740155266,0.9306891990886172,0.996505134177003,-0.08200846535355666,-0.16621453460479074,0.0,0.0,0.0,0.0,0.0,none
micro_tcn,nsr022RRcl,3481-3689,7,0.3,1487,30.6778034719272,22.55292822826666,0.9278211861957816,0.9890827268770894,-0.3389285652667553,-0.03489024719371692,0.0,0.0,0.0,0.0,0.0,none
micro_tcn,nsr022RRcl,3481-3689,7,0.5,2484,33.27969202559313,24.38715005128159,0.9130567961198698,0.9784606447984134,-0.6603480563568151,-0.09446614921605168,-0.0234375,0.0,0.0,0.0,0.0234375,none
micro_tcn,nsr022RRcl,3481-3689,7,0.8,3976,42.87352306108855,31.913254010959765,0.8592637790573556,0.9427896972491454,-1.5378328205745806,-0.40186479491308447,-0.06640625,0.0,1.0,0.0,0.06640625,none
micro_tcn,nsr045RRcl,3481-3689,7,0.1,498,27.28751550590278,19.314160832429955,0.7644034192046562,0.9889006760241149,-0.09147349408236138,-0.04776890317915594,0.01953125,0.0,0.0,0.0,0.01953125,none
micro_tcn,nsr045RRcl,3481-3689,7,0.3,1491,33.468210001724735,20.895122630092864,0.6783234038249526,0.94814471787383,-0.5781256415699811,-0.07449520825957379,0.10546875,0.0,0.0,0.0,0.10546875,none
micro_tcn,nsr045RRcl,3481-3689,7,0.5,2483,31.044283334881886,21.657547697444528,0.7058916418576218,0.9252194352712598,-0.5730720713594213,0.004783393526759383,0.10546875,0.0,0.0,0.0,0.10546875,none
micro_tcn,nsr045RRcl,3481-3689,7,0.8,3976,38.65792086146018,26.376726908631532,0.5545047921486708,0.8008783957569436,-1.9369594862876927,0.00160639280649022,0.12109375,0.0,0.0,0.0,0.12109375,none
micro_tcn,nsr018RRcl,3481-3689,7,0.1,499,18.565033974865127,13.187866326415229,0.8440522053292019,0.9933882590294691,-0.016030834198510036,0.051986874511838366,0.0546875,0.0,0.0,0.0,0.0546875,none
micro_tcn,nsr018RRcl,3481-3689,7,0.3,1495,28.567713725822735,16.164479918844965,0.6806442679300768,0.9520476781341177,-0.35174348196710525,0.041181971929800554,-0.13671875,0.0,0.0,0.0,0.13671875,none
micro_tcn,nsr018RRcl,3481-3689,7,0.5,2483,31.316528643058767,17.78212401693338,0.6328277051528064,0.9025298989252166,-0.7429353943160191,0.5383372783465568,0.0,0.0,0.0,0.0,0.0,none
micro_tcn,nsr018RRcl,3481-3689,7,0.8,3974,35.79372082562745,22.476937847324596,0.5069706678558135,0.7830147751852624,-1.6298536482569705,0.08127678098635549,-0.13671875,0.0,0.0,0.0,0.13671875,none
micro_tcn,nsr016RRcl,3689-3900,7,0.1,498,16.391378603268617,11.692015631652945,0.9132187638997251,0.996217514151509,-0.06121154071128032,0.034734273004586314,-0.17578125,0.0,0.0,0.0,0.17578125,none
micro_tcn,nsr016RRcl,3689-3900,7,0.3,1489,17.36999189248612,12.632246065560567,0.9137063865739565,0.9831315861015477,-0.11453908059646523,-0.04889933273750646,-0.05859375,0.0,0.0,0.0,0.05859375,none
micro_tcn,nsr016RRcl,3689-3900,7,0.5,2487,20.417645678326803,14.712990300054164,0.878698894909089,0.9705131961603083,-0.2625016760039429,-0.08298461962585879,-0.12109375,0.0,0.0,0.0,0.12109375,none
micro_tcn,nsr016RRcl,3689-3900,7,0.8,3976,26.19039669996259,19.14526896955986,0.7907525019773478,0.9094165206058484,-0.6653912080497673,-0.08773413866824775,-0.21484375,0.0,0.0,0.0,0.21484375,none
mlp,18177,1082-1499,7,0.1,495,29.38638609975594,18.28676118604327,0.8566645628202925,0.9928186868514172,-0.06433701598787422,0.05638428280652796,0.1328125,0.0,0.0,0.0,0.1328125,imputed
mlp,18177,1082-1499,7,0.3,1490,36.18988375188744,20.31234641299649,0.7805463216786651,0.9668479452081983,-0.14873396762322777,0.1466126186940624,0.10546875,0.0,0.0,0.0,0.10546875,imputed
mlp,18177,1082-1499,7,0.5,2487,40.35913591099009,23.410667313491256,0.7322231378348283,0.9293869736393061,-0.25993793713285385,-0.08491494751208606,0.0390625,0.0,0.0,0.0,0.0390625,imputed
mlp,18177,1082-1499,7,0.8,3977,44.6640172621294,28.280932847431647,0.6661085078165838,0.8541102558654953,-0.8637120001778538,0.06505156944272628,-0.03515625,0.0,0.0,0.0,0.03515625,imputed
mlp,16273,1499-1708,7,0.1,496,29.21876425078444,21.403559739116528,0.9176811618235557,0.996009633037866,-0.052570967786369494,-0.002218273637307533,0.0,0.0,0.0,0.0,0.0,imputed
mlp,16273,1499-1708,7,0.3,1492,32.42762243502716,24.14208879088627,0.9030917929356866,0.9851175635958116,-0.12419769133054004,-0.0817753432345274,-0.06640625,0.0,1.0,0.0,0.06640625,imputed
mlp,16273,1499-1708,7,0.5,2492,36.148391561069516,26.423331276274126,0.8774228934298892,0.9691295818829154,-0.4433409255601788,-0.21242433376476377,-0.00390625,0.0,0.0,1.0,0.00390625,imputed
mlp,16273,1499-1708,7,0.8,3975,51.878558531356894,35.84401902901611,0.7488380245336883,0.8950653265587438,-0.9266883154725072,-0.1451376229802861,-0.12109375,0.0,1.0,0.0,0.12109375,imputed
mlp,nsr054RRcl,1708-2021,7,0.1,500,27.29263639501568,15.930482597652604,0.7670951876812947,0.9877755894136294,-0.03687146056845947,-0.0352446235065198,0.15234375,0.0,0.0,0.0,0.15234375,imputed
mlp,nsr054RRcl,1708-2021,7,0.3,1496,31.88535815731315,18.798998357415275,0.6860635187383985,0.9491873346592146,0.20975565654481088,-0.049370055146205516,0.18359375,0.0,0.0,0.0,0.18359375,imputed
mlp,nsr054RRcl,1708-2021,7,0.5,2483,36.19151829090491,22.58025043960486,0.5768158550719094,0.885485737599846,0.1852386476315946,-0.012213556229989209,0.12109375,0.0,0.0,0.0,0.12109375,imputed
mlp,nsr054RRcl,1708-2021,7,0.8,3979,46.253337839062596,31.584022842095163,0.29427214135872404,0.6736932556830291,-0.2983153012685289,0.348901745674123,0.046875,1.0,0.0,0.0,0.046875,imputed
mlp,006,1708-2021,7,0.1,497,25.013353553450493,18.6780907884791,0.8937150454693319,0.9948388951205156,0.02904705154468168,0.4376377047258373,-0.00390625,1.0,0.0,0.0,0.00390625,imputed
mlp,006,1708-2021,7,0.3,1490,32.16115323614712,22.330990467983305,0.8380213894626195,0.9742141843380558,0.1802864272528204,-0.15839613996028667,0.0078125,0.0,0.0,0.0,0.0078125,imputed
mlp,006,1708-2021,7,0.5,2482,37.41083155071709,25.953474453946527,0.7732373871291472,0.9410403605671135,0.3147690458626293,-0.23241064352532348,-0.171875,0.0,0.0,0.0,0.171875,imputed
mlp,006,1708-2021,7,0.8,3976,53.007367570755484,38.95663676892467,0.5458731726908814,0.7989001388685018,0.26754442826513447,0.5191541539420452,-0.01171875,1.0,0.0,0.0,0.01171875,imputed
mlp,nsr048RRcl,2021-2125,7,0.1,499,21.637278584835983,16.278845771730207,0.8897071562728518,0.9947936149245233,0.11053175085025302,-0.17143213177264727,0.015625,0.0,0.0,0.0,0.015625,imputed
mlp,nsr048RRcl,2021-2125,7,0.3,1488,26.44590226643875,19.001885020830105,0.8388968871026665,0.976297632860321,0.2129979796336432,-0.18998461791212584,0.18359375,0.0,0.0,0.0,0.18359375,imputed
mlp,nsr048RRcl,2021-2125,7,0.5,2482,32.57927003063341,23.039258978195953,0.7594226852165993,0.9390481245980415,0.3706384533351663,-0.2870115558787454,0.1875,0.0,0.0,0.0,0.1875,imputed
mlp,nsr048RRcl,2021-2125,7,0.8,3976,47.191078815911304,33.16948260814928,0.5065848181340189,0.7830584266311387,0.5112611894920924,-0.14644177675868697,0.08984375,0.0,0.0,0.0,0.08984375,imputed
mlp,008,2021-2125,7,0.1,498,32.649715980009674,23.109165594162114,0.9067317601929473,0.995245217892449,0.02707398587567411,-0.04999448387671812,-0.0390625,0.0,0.0,0.0,0.0390625,imputed
mlp,008,2021-2125,7,0.3,1486,41.565997475515246,28.169293941021152,0.8441382930530994,0.9761541692147446,0.08862110232939457,0.10841259663597747,-0.1171875,0.0,0.0,0.0,0.1171875,imputed
mlp,008,2021-2125,7,0.5,2483,49.624104262260936,33.339403915696664,0.7802572390510623,0.9434678149574185,0.09829387103075504,0.5108554854073137,-0.0546875,1.0,0.0,0.0,0.0546875,imputed
mlp,008,2021-2125,7,0.8,3977,63.201381858826124,45.65095089593288,0.6447215753704008,0.8489490854857756,-0.1822434112453628,0.5867340705585633,-0.14453125,1.0,0.0,0.0,0.14453125,imputed
mlp,19088,2125-2699,7,0.1,496,25.197297692702623,18.56711096196137,0.8941800095362981,0.995003384049739,-0.010465473258605584,-0.08118975602011425,0.0,0.0,0.0,0.0,0.0,imputed
mlp,19088,2125-2699,7,0.3,1488,28.95627155012036,20.366097698401813,0.8685035630934519,0.9796008514602407,-0.1958523288272449,-0.04755727281531641,0.0,0.0,0.0,0.0,0.0,imputed
mlp,19088,2125-2699,7,0.5,2486,33.854111855805584,23.565419928184706,0.8170727122109345,0.9539300291210825,-0.28663781908854524,-0.035666744441927634,0.02734375,0.0,0.0,0.0,0.02734375,imputed
mlp,19088,2125-2699,7,0.8,3975,40.04835613299416,28.546686027838106,0.7525012214155917,0.8910879817977136,-1.1172220142020386,0.18770070562681518,0.00390625,1.0,0.0,0.0,0.00390625,imputed
mlp,16483,2125-2699,7,0.1,497,24.861202125830644,16.21994297679426,0.7332952076918886,0.986949498534529,0.02084256247090721,0.007829974853883925,0.0,0.0,0.0,0.0,0.0,imputed
mlp,16483,2125-2699,7,0.3,1495,24.411402267051674,16.908395078817183,0.7558890360850536,0.9603969142513248,-0.2883674319752849,0.0002949764407116362,0.18359375,0.0,0.0,0.0,0.18359375,imputed
mlp,16483,2125-2699,7,0.5,2487,28.413300472866748,19.708368717747295,0.669510176511029,0.9095110251651638,-0.23392342456108217,-0.06372619582634975,0.1328125,0.0,0.0,0.0,0.1328125,imputed
mlp,16483,2125-2699,7,0.8,3976,35.6243369995226,24.428609063339653,0.47349818354609163,0.7532552868237516,-0.9990447737151555,0.29068748376151987,0.23046875,0.0,0.0,0.0,0.23046875,imputed
mlp,000,2699-3220,7,0.1,497,41.30392788669192,31.43065345718821,0.7649951411146854,0.9885829314264455,-0.0493102586895624,0.1730711155597735,-0.1171875,0.0,0.0,0.0,0.1171875,imputed
mlp,000,2699-3220,7,0.3,1492,41.613467119599,32.466458459176415,0.754397086400683,0.9648440869284273,-0.21916443379125639,0.20936707237366114,-0.00390625,0.0,0.0,0.0,0.00390625,imputed
mlp,000,2699-3220,7,0.5,2489,46.8392383963297,34.86026504149501,0.7059816846573101,0.9243686295846418,-0.7137308372406608,0.8094592516252899,-0.0390625,1.0,0.0,0.0,0.0390625,imputed
mlp,000,2699-3220,7,0.8,3977,56.93183095249653,41.92169573277797,0.5632252564695188,0.8143833761025742,-1.086137787308532,0.6068650669019267,0.01171875,0.0,0.0,0.0,0.01171875,imputed
mlp,nsr010RRcl,3220-3481,7,0.1,495,29.029865961811346,18.432539073555308,0.964523393869712,0.9982253207503892,0.03794923432155173,-0.011769375694807849,0.1953125,0.0,0.0,0.0,0.1953125,imputed
mlp,nsr010RRcl,3220-3481,7,0.3,1491,40.94560739080567,22.081904264202414,0.9283765182078072,0.9894256708734136,-0.33666237405928,0.16157802694376855,0.0703125,0.0,0.0,0.0,0.0703125,imputed
mlp,nsr010RRcl,3220-3481,7,0.5,2478,42.70742633758083,25.65299852762043,0.9250992714233047,0.9808023465207952,-0.30529417650993196,0.31840058799397575,0.0,1.0,0.0,0.0,0.0,imputed
mlp,nsr010RRcl,3220-3481,7,0.8,3975,53.2895591594835,33.673067738226095,0.882523167298798,0.9516462087854559,-0.8814422127753492,0.14166829468844533,0.1796875,0.0,0.0,0.0,0.1796875,imputed
mlp,nsr038RRcl,3220-3481,7,0.1,497,8.084771593745558,5.777929697008938,0.8717509909584036,0.9933127111690345,0.13038401850293901,-0.26645265987739375,0.046875,0.0,0.0,0.0,0.046875,imputed
mlp,nsr038RRcl,3220-3481,7,0.3,1487,9.07482630087303,6.461234304257883,0.8377430485410353,0.9744468756301012,0.24325394025951397,-0.13374595997704297,0.21484375,0.0,0.0,0.0,0.21484375,imputed
mlp,nsr038RRcl,3220-3481,7,0.5,2484,10.530405979222369,7.610028551205407,0.7717300470985093,0.9425671500792857,0.5414523758420504,-0.15642952088046158,0.02734375,0.0,0.0,0.0,0.02734375,imputed
mlp,nsr038RRcl,3220-3481,7,0.8,3976,13.764486653835004,9.890273776486303,0.6188102275316545,0.711210595058126,0.2433102927264894,-0.146214532597841,0.1015625,0.0,0.0,0.0,0.1015625,imputed
mlp,nsr041RRcl,3220-3481,7,0.1,497,21.686135117033146,16.485869663902847,0.92898549306287,0.9963070312443452,-0.027348034178418246,-0.01186379636221524,0.0,0.0,0.0,0.0,0.0,imputed
mlp,nsr041RRcl,3220-3481,7,0.3,1494,24.700797580275825,18.228511499354827,0.8993216810842773,0.9855524875852397,-0.14029651936357546,0.12357139220283031,0.0,0.0,0.0,0.0,0.0,imputed
mlp,nsr041RRcl,3220-3481,7,0.5,2486,26.058017781777533,19.358487228531654,0.892213816218582,0.9731741993878155,-0.3914074618320793,-0.18907559447325717,-0.03515625,0.0,0.0,0.0,0.03515625,imputed
mlp,nsr041RRcl,3220-3481,7,0.8,3977,34.69066737125701,24.687910143339764,0.8121097988620463,0.9236428592065306,-0.7867515308992967,0.3629035632126616,0.140625,1.0,0.0,0.0,0.140625,imputed
mlp,nsr022RRcl,3481-3689,7,0.1,498,30.33881739548772,21.3241594966831,0.9297521124584761,0.9964571213655903,-0.0873952484485585,-0.18021964329165385,0.0,0.0,0.0,0.0,0.0,imputed
mlp,nsr022RRcl,3481-3689,7,0.3,1487,30.931863445981847,22.85584162644822,0.9266207299682759,0.9888880972209072,-0.35854866830288756,-0.046780995715282714,0.0,0.0,0.0,0.0,0.0,imputed
mlp,nsr022RRcl,3481-3689,7,0.5,2484,34.101718848258024,24.865264358512164,0.9087086599955865,0.9773282890660236,-0.671158538109319,-0.18769266658599726,-0.0234375,0.0,0.0,0.0,0.0234375,imputed
mlp,nsr022RRcl,3481-3689,7,0.8,3976,57.404075441980446,35.67437854475424,0.7477024731360482,0.9011224512299447,-0.08256752964364011,1.5331437695552559,0.0390625,0.0,1.0,0.0,0.0390625,imputed
mlp,nsr045RRcl,3481-3689,7,0.1,498,30.587713378127756,20.658352522266853,0.7039704832346638,0.9860537864920846,-0.0324357875046104,-0.009528762370594634,0.01953125,0.0,0.0,0.0,0.01953125,imputed
mlp,nsr045RRcl,3481-3689,7,0.3,1491,36.681665194858624,21.757294504053743,0.6135862435008058,0.9377876555107143,-0.5709737565113375,-0.04641282614497655,0.10546875,0.0,0.0,0.0,0.10546875,imputed
mlp,nsr045RRcl,3481-3689,7,0.5,2483,33.36228397012159,22.794975744891367,0.660331214048787,0.913689623993131,-0.47534771390174413,0.03628705942392152,0.10546875,0.0,0.0,0.0,0.10546875,imputed
mlp,nsr045RRcl,3481-3689,7,0.8,3976,42.43468409373362,27.76670746141355,0.46320557315042155,0.7620079673810746,-1.7969999777696586,0.1912990784000339,0.12109375,0.0,0.0,0.0,0.12109375,imputed
mlp,nsr018RRcl,3481-3689,7,0.1,499,26.293456653593797,15.637692982668135,0.6871882130841378,0.986736277395466,0.0060137387689565,0.0639719915814041,0.0546875,0.0,0.0,0.0,0.0546875,imputed
mlp,nsr018RRcl,3481-3689,7,0.3,1495,32.60328052527238,17.829957723082472,0.5840450022280828,0.9372962278941281,-0.34184086847106343,0.020397939859439163,-0.13671875,0.0,0.0,0.0,0.13671875,imputed
mlp,nsr018RRcl,3481-3689,7,0.5,2483,35.82197405419019,19.877494055263266,0.5195793100314281,0.8726265573432452,-0.7437953074372743,0.937760967515036,0.0,1.0,0.0,0.0,0.0,imputed
mlp,nsr018RRcl,3481-3689,7,0.8,3974,40.91142067947963,26.12650191772741,0.3559075820669435,0.7196757645148675,-1.4833132438457142,0.6138913833112518,-0.00390625,1.0,0.0,0.0,0.00390625,imputed
mlp,nsr016RRcl,3689-3900,7,0.1,498,16.563098521214002,11.929603738760813,0.9113909584571076,0.996137817677119,-0.048874080361184014,0.050674308731686324,-0.17578125,0.0,0.0,0.0,0.17578125,imputed
mlp,nsr016RRcl,3689-3900,7,0.3,1489,17.7498497481908,12.7670125531121,0.9098908722819814,0.9825674957115901,-0.08313271398103872,0.057204535093314135,-0.05859375,0.0,0.0,0.0,0.05859375,imputed
mlp,nsr016RRcl,3689-3900,7,0.5,2487,20.70700763933612,14.976576031206958,0.8752363364021323,0.9697075686392954,-0.20005456903993668,-0.027235142523735156,0.0078125,0.0,0.0,0.0,0.0078125,imputed
mlp,nsr016RRcl,3689-3900,7,0.8,3976,26.87386740166112,20.017486796944187,0.7796888585903473,0.9054684702161581,-0.09496823172785973,1.1035139707326138,-0.05078125,1.0,0.0,0.0,0.05078125,imputed
micro_tcn,18177,1082-1499,7,0.1,495,29.240093114314412,18.327720665870448,0.8580881318494372,0.9928923161947417,-0.06511461661123619,0.0751953667789067,0.1328125,0.0,0.0,0.0,0.1328125,imputed
micro_tcn,18177,1082-1499,7,0.3,1490,36.12962083400267,20.38278497625516,0.7812765759180154,0.9669699930052256,-0.16945657692139804,0.15000790741658143,0.10546875,0.0,0.0,0.0,0.10546875,imputed
micro_tcn,18177,1082-1499,7,0.5,2487,41.22260967096967,23.74138946172278,0.7206425270053569,0.9262648490115702,-0.25502967235394536,0.03590988559171038,0.09765625,0.0,0.0,0.0,0.09765625,imputed
micro_tcn,18177,1082-1499,7,0.8,3977,45.215130843524165,28.953565023988734,0.6578178336194025,0.84933313564766,-0.7547559545072602,0.22369236273851456,0.14453125,0.0,0.0,0.0,0.14453125,imputed
micro_tcn,16273,1499-1708,7,0.1,496,29.13292783256628,21.387608606657246,0.9181641100604201,0.9960333344197442,-0.06343186745085916,0.013840317131455393,0.0,0.0,0.0,0.0,0.0,imputed
micro_tcn,16273,1499-1708,7,0.3,1492,32.043277316891555,23.95882942268405,0.9053753687962168,0.9854683022147918,-0.1681763371038265,-0.1356421498700513,-0.06640625,0.0,1.0,0.0,0.06640625,imputed
micro_tcn,16273,1499-1708,7,0.5,2492,36.24721273661083,26.561182995367297,0.8767517835643367,0.968954277907822,-0.4893449602989435,-0.2792943634449969,0.04296875,0.0,0.0,1.0,0.04296875,imputed
micro_tcn,16273,1499-1708,7,0.8,3975,57.09636474990447,37.19488352293292,0.6957749258918628,0.8725484273982372,-0.6838727018696424,-0.18976859671798785,-0.12109375,0.0,1.0,0.0,0.12109375,imputed
micro_tcn,nsr054RRcl,1708-2021,7,0.1,500,27.390855035280815,16.07217859183811,0.7654158515329379,0.9877031818751184,-0.02899771488354297,-0.00043142180849287115,0.0,0.0,0.0,0.0,0.0,imputed
micro_tcn,nsr054RRcl,1708-2021,7,0.3,1496,31.435609605956518,18.848643471518802,0.6948573171133499,0.9506439193042874,0.20360081404504982,-0.018502059902768764,0.18359375,0.0,0.0,0.0,0.18359375,imputed
micro_tcn,nsr054RRcl,1708-2021,7,0.5,2483,36.11106365811564,22.815604102052305,0.5786952612306744,0.8864019860744574,0.13814947254277676,-0.12639138057875243,0.12109375,0.0,0.0,0.0,0.12109375,imputed
micro_tcn,nsr054RRcl,1708-2021,7,0.8,3979,46.04293541800148,31.850649279902232,0.3006781276114131,0.6779136815064921,-0.3886944463721065,0.054194599409489896,0.046875,0.0,0.0,0.0,0.046875,imputed
micro_tcn,006,1708-2021,7,0.1,497,24.5638830992002,18.304267762017954,0.8975004422878416,0.9950204925238672,0.03435813390802345,0.41859006232897134,-0.00390625,1.0,0.0,0.0,0.00390625,imputed
micro_tcn,006,1708-2021,7,0.3,1490,31.27541922061823,21.706065547541648,0.8468204737067001,0.9756156694333245,0.18541807475130057,-0.188454062949722,0.0078125,0.0,0.0,0.0,0.0078125,imputed
micro_tcn,006,1708-2021,7,0.5,2482,36.97784084056807,25.840179879832153,0.7784560845333803,0.9424127407949062,0.2822429015724861,-0.280272866074748,-0.14453125,0.0,0.0,0.0,0.14453125,imputed
micro_tcn,006,1708-2021,7,0.8,3976,51.82831435269137,38.05618459599244,0.5658509522559614,0.8078511795593325,0.16726454633206522,0.39651698147133274,-0.109375,1.0,0.0,0.0,0.109375,imputed
micro_tcn,nsr048RRcl,2021-2125,7,0.1,499,21.314508485696628,16.108382812966653,0.8929731593875354,0.9949475611062323,0.09397067705206474,-0.17011053060830328,0.015625,0.0,0.0,0.0,0.015625,imputed
micro_tcn,nsr048RRcl,2021-2125,7,0.3,1488,25.94760524373006,18.617550785727534,0.8449107416599284,0.9771700505286547,0.20230675350173222,-0.16900257389457085,0.18359375,0.0,0.0,0.0,0.18359375,imputed
micro_tcn,nsr048RRcl,2021-2125,7,0.5,2482,32.30558896063241,22.796215368857688,0.7634476315942235,0.9400848393281356,0.35784809961045383,-0.2973318466511863,0.1875,0.0,0.0,0.0,0.1875,imputed
micro_tcn,nsr048RRcl,2021-2125,7,0.8,3976,46.73139628078399,33.037493906761455,0.5161505946296425,0.7869336983187829,0.6148309144594641,0.13354944311771533,0.125,1.0,0.0,0.0,0.125,imputed
micro_tcn,008,2021-2125,7,0.1,498,32.53681778653898,22.810120313686088,0.9073756623002082,0.9952786753351062,0.026792235776614604,-0.036460591468513215,-0.0390625,0.0,0.0,0.0,0.0390625,imputed
micro_tcn,008,2021-2125,7,0.3,1486,41.516604932307864,27.989372351803006,0.8445084914164135,0.9762216218708997,0.08863088287393239,0.13943164059045543,-0.1171875,0.0,0.0,0.0,0.1171875,imputed
micro_tcn,008,2021-2125,7,0.5,2483,48.72089338274985,33.13826968492878,0.7881835416847461,0.9455175449623658,0.13046779407989462,0.35812905469279066,-0.0546875,0.0,0.0,0.0,0.0546875,imputed
micro_tcn,008,2021-2125,7,0.8,3977,61.187307360597416,44.1933794504676,0.6670044957457957,0.8575200185194833,-0.475345062144644,0.7626965590024195,-0.14453125,1.0,0.0,0.0,0.14453125,imputed
micro_tcn,19088,2125-2699,7,0.1,496,24.88640375404268,18.363987683732272,0.8967751953412157,0.9951254742858147,-0.0115657148654833,-0.08408807699848886,0.0,0.0,0.0,0.0,0.0,imputed
micro_tcn,19088,2125-2699,7,0.3,1488,29.257310083143945,20.419102294399814,0.8657551936399492,0.9791916847205446,-0.19517977207958914,-0.05677495538318489,-0.0078125,0.0,0.0,0.0,0.0078125,imputed
micro_tcn,19088,2125-2699,7,0.5,2486,34.060959311660376,23.66802278645163,0.8148305243892937,0.9533728087671235,-0.325927812184565,-0.04633086854255275,-0.015625,0.0,0.0,0.0,0.015625,imputed
micro_tcn,19088,2125-2699,7,0.8,3975,39.05714178431919,27.579837421123013,0.7646010138458977,0.8965853417850853,-1.145056586878212,-0.21473320158299813,-0.00390625,0.0,0.0,0.0,0.00390625,imputed
micro_tcn,16483,2125-2699,7,0.1,497,24.465727082563802,16.064670446847217,0.7417128357587073,0.9873590567880997,0.01253459369822707,0.04636004747082545,0.0,0.0,0.0,0.0,0.0,imputed
micro_tcn,16483,2125-2699,7,0.3,1495,24.432028281725337,16.92307346208456,0.7554763466865209,0.960293789422834,-0.2928179506301287,0.08580119890122617,0.18359375,0.0,0.0,0.0,0.18359375,imputed
micro_tcn,16483,2125-2699,7,0.5,2487,27.783547306463745,19.351841743642677,0.6839977962516053,0.9135729551758603,-0.29801710438907847,-0.18393287789519874,0.06640625,0.0,0.0,0.0,0.06640625,imputed
micro_tcn,16483,2125-2699,7,0.8,3976,35.09174476590316,24.19231241606136,0.489123157833926,0.761412443292645,-0.9902096840618722,-0.00044728863245602213,0.05859375,0.0,0.0,0.0,0.05859375,imputed
micro_tcn,000,2699-3220,7,0.1,497,40.06203632548484,30.743075075607777,0.7789145433636119,0.9892516906012833,-0.075576845596391,0.11952733632620038,-0.1171875,0.0,0.0,0.0,0.1171875,imputed
micro_tcn,000,2699-3220,7,0.3,1492,40.78226885936771,31.988079857771748,0.7641105714121225,0.9661994800456498,-0.26083539759063257,0.20098782054918019,0.0,0.0,0.0,0.0,0.0,imputed
micro_tcn,000,2699-3220,7,0.5,2489,46.19619832682161,34.368145290718594,0.7139992253261422,0.9263997005555044,-0.8140117846839772,0.21494933649917058,-0.0390625,0.0,0.0,0.0,0.0390625,imputed
micro_tcn,000,2699-3220,7,0.8,3977,57.20564547472826,42.545741899166956,0.5590138034611518,0.8138491048132637,-0.7519449060583447,1.2982356178406018,0.0703125,1.0,0.0,0.0,0.0703125,imputed
micro_tcn,nsr010RRcl,3220-3481,7,0.1,495,25.308396350766035,16.752420185277895,0.9730361899088048,0.9986442988752837,-0.026113890636530357,-0.05574037464385739,0.1953125,0.0,0.0,0.0,0.1953125,imputed
micro_tcn,nsr010RRcl,3220-3481,7,0.3,1491,37.54321079379279,20.477931864058753,0.9397851488206268,0.991104925513376,-0.4797632080957577,-0.23504370032569,0.15625,0.0,0.0,0.0,0.15625,imputed
micro_tcn,nsr010RRcl,3220-3481,7,0.5,2478,40.67720082466517,24.705219010235567,0.9320512674228496,0.9825826103238773,-0.40162939982014123,0.31309900633782917,0.0,1.0,0.0,0.0,0.0,imputed
micro_tcn,nsr010RRcl,3220-3481,7,0.8,3975,51.89344480448652,33.09205102309777,0.8885980029964239,0.9541046321151483,-1.095342337229285,0.6888312445325706,0.1171875,1.0,0.0,0.0,0.1171875,imputed
micro_tcn,nsr038RRcl,3220-3481,7,0.1,497,8.00572034705981,5.834910875089547,0.8742467149484558,0.9934527117256378,0.12669277673298218,-0.2641139002242241,0.06640625,0.0,0.0,0.0,0.06640625,imputed
micro_tcn,nsr038RRcl,3220-3481,7,0.3,1487,9.110322615344344,6.545721174563643,0.8364712251885803,0.9743555610025991,0.24467256842137708,-0.22684973957302557,0.21484375,0.0,0.0,0.0,0.21484375,imputed
micro_tcn,nsr038RRcl,3220-3481,7,0.5,2484,10.902765781908663,7.826292185843447,0.7553011747466352,0.9394768564188245,0.6005973539064637,-0.045832350849072334,0.0,0.0,0.0,0.0,0.0,imputed
micro_tcn,nsr038RRcl,3220-3481,7,0.8,3976,14.093709705291152,10.207230311633687,0.6003573358339602,0.7047641513089776,0.3252746120713894,-0.1291751909881773,0.16796875,0.0,0.0,0.0,0.16796875,imputed
micro_tcn,nsr041RRcl,3220-3481,7,0.1,497,21.765413298649186,16.380997340451174,0.9284653273823155,0.9962806149753936,-0.024146450362245275,0.0066495112083337915,0.0,0.0,0.0,0.0,0.0,imputed
micro_tcn,nsr041RRcl,3220-3481,7,0.3,1494,24.45310934575294,17.94996074136093,0.9013306694524793,0.9858354190111532,-0.1502535046996858,0.04014236712371755,0.0,0.0,0.0,0.0,0.0,imputed
micro_tcn,nsr041RRcl,3220-3481,7,0.5,2486,26.181100640186237,19.394813089126973,0.8911931734653076,0.972833074257705,-0.37938974135665404,-0.1826572497145431,-0.03515625,0.0,0.0,0.0,0.03515625,imputed
micro_tcn,nsr041RRcl,3220-3481,7,0.8,3977,33.850645487338696,24.255845070642852,0.821099015373127,0.9262671424059861,-0.9163019997328536,0.3561275830550237,0.16015625,1.0,0.0,0.0,0.16015625,imputed
micro_tcn,nsr022RRcl,3481-3689,7,0.1,498,30.1468626764603,21.049797054101187,0.9306382218391382,0.9965025742037905,-0.08139289984942621,-0.16736073060212142,0.0,0.0,0.0,0.0,0.0,imputed
micro_tcn,nsr022RRcl,3481-3689,7,0.3,1487,30.611755657553328,22.563375450818377,0.9281316465629169,0.9891293092245146,-0.34006645462501695,-0.0442681019429596,0.0,0.0,0.0,0.0,0.0,imputed
micro_tcn,nsr022RRcl,3481-3689,7,0.5,2484,33.75623963726732,24.638478104841965,0.9105490071396486,0.9778344515597409,-0.6809506500983566,-0.10579982987654724,-0.0234375,0.0,0.0,0.0,0.0234375,imputed
micro_tcn,nsr022RRcl,3481-3689,7,0.8,3976,48.101566358363506,33.72629015232119,0.8228480334006975,0.9269699975362903,-1.0861537249000843,1.0235015593080945,0.03125,0.0,1.0,0.0,0.03125,imputed
micro_tcn,nsr045RRcl,3481-3689,7,0.1,498,27.339159084999466,19.377967827475377,0.7635108085043281,0.9888585701800477,-0.09021031903748522,-0.04302936342784314,0.01953125,0.0,0.0,0.0,0.01953125,imputed
micro_tcn,nsr045RRcl,3481-3689,7,0.3,1491,33.60104830062525,20.970756680036008,0.6757648102615943,0.9477441059161466,-0.5602595915273767,-0.06026339120377955,0.10546875,0.0,0.0,0.0,0.10546875,imputed
micro_tcn,nsr045RRcl,3481-3689,7,0.5,2483,30.908863718119264,21.634940892184243,0.7084519311645778,0.9258304688797451,-0.5490118170510776,0.056254670607572166,0.10546875,0.0,0.0,0.0,0.10546875,imputed
micro_tcn,nsr045RRcl,3481-3689,7,0.8,3976,39.309686019207795,26.75238226731341,0.5393562305998112,0.7910219114425958,-1.3509952805755177,0.239245994060175,-0.0390625,0.0,0.0,0.0,0.0390625,imputed
micro_tcn,nsr018RRcl,3481-3689,7,0.1,499,18.61109475133932,13.211286548648571,0.8432774168416081,0.9933555150411549,-0.01516447726331549,0.048046926290584935,0.0546875,0.0,0.0,0.0,0.0546875,imputed
micro_tcn,nsr018RRcl,3481-3689,7,0.3,1495,28.503544593807547,16.196915454449456,0.6820773377771425,0.9522534433238282,-0.36693162847736005,0.031335623123160516,-0.13671875,0.0,0.0,0.0,0.13671875,imputed
micro_tcn,nsr018RRcl,3481-3689,7,0.5,2483,32.63595273731996,18.21748073838113,0.6012366244407543,0.8947906451331472,-0.6773724315303813,0.9222780900577519,0.0,1.0,0.0,0.0,0.0,imputed
micro_tcn,nsr018RRcl,3481-3689,7,0.8,3974,38.62963594331615,24.55546896047688,0.42575093680321885,0.7467964330809945,-1.4563738469117116,0.36541424726327953,-0.1484375,0.0,0.0,0.0,0.1484375,imputed
micro_tcn,nsr016RRcl,3689-3900,7,0.1,498,16.400396495037622,11.672579534108527,0.9131232503877637,0.9962131328598434,-0.0603649348572155,0.03665969032468652,-0.17578125,0.0,0.0,0.0,0.17578125,imputed
micro_tcn,nsr016RRcl,3689-3900,7,0.3,1489,17.37138281043395,12.6311320688695,0.9136925659409834,0.9831252892679034,-0.11400135066189598,-0.007404686811445238,-0.05859375,0.0,0.0,0.0,0.05859375,imputed
micro_tcn,nsr016RRcl,3689-3900,7,0.5,2487,20.523964480820084,14.81027365503673,0.8774323271561572,0.9701982830773678,-0.23320131298484092,-0.09988428170561114,0.0078125,0.0,0.0,0.0,0.0078125,imputed
micro_tcn,nsr016RRcl,3689-3900,7,0.8,3976,26.495443962260385,19.385470872564103,0.7858497811255288,0.9072093587347697,-0.532727846003807,-0.008246306737132336,0.00390625,0.0,0.0,0.0,0.00390625,imputed
