epoch,learning_rate,loss,val_loss
0,0.0003000000142492354,0.23270148038864136,0.30831387639045715
1,0.0003000000142492354,0.23297029733657837,0.30876588821411133
2,0.0003000000142492354,0.23355108499526978,0.30875539779663086
3,0.0001500000071246177,0.23221620917320251,0.3078653812408447
4,0.0001500000071246177,0.2333320677280426,0.30841588973999023
5,0.0001500000071246177,0.23275940120220184,0.307851642370224
6,7.500000356230885e-05,0.23193120956420898,0.30832961201667786
7,7.500000356230885e-05,0.23307348787784576,0.3079243004322052
8,3.7500001781154424e-05,0.23197591304779053,0.3081096410751343
9,3.7500001781154424e-05,0.2327076941728592,0.3082674443721771
10,1.8750000890577212e-05,0.2326536923646927,0.30798274278640747
11,1.8750000890577212e-05,0.2322988212108612,0.3078252375125885
12,9.999999747378752e-06,0.23162145912647247,0.3079739511013031
13,9.999999747378752e-06,0.2330150157213211,0.30805933475494385
14,9.999999747378752e-06,0.23252835869789124,0.3079092502593994
15,9.999999747378752e-06,0.23248206079006195,0.30800700187683105
16,9.999999747378752e-06,0.23224389553070068,0.30806219577789307
17,9.999999747378752e-06,0.23181873559951782,0.3080509305000305
